Original Label,Assigned Label
1.88030811128282,e
0.400396772310057,i
-4.87274906970731,l
-0.329807495322583,f
-1.5009502286284,s
-0.516019659462909,a
-1.17319705364336,f
-0.773319007989239,a
-2.36167837472256,n
-1.72520906556212,f
0.606993895260402,m
0.353884168633028,u
-0.337916649794511,a
1.0,o
